愛知教育大学の人物,13
日本の丘陵,42
関西大学の人物,273
日本国外にある日蓮正宗寺院,14
筑波大学の人物,252
讃美歌集,6
お茶の水女子大学の人物,61
高知大学の人物,13
兵庫県保育所,92
宇宙戦艦ヤマトシリーズの登場艦船,80
フランス外人部隊の人物,27
アジアのサッカー選手,128
声優,378
長野県外国人学校,2
ウクライナ海上警備隊艦艇,10
新潟市の小中学校・高等学校,58
ギリシャの銀行,22
神奈川県立湘南高等学校の人物,169
ライトノベルの挿絵画家,79
プレイバイメールのタイトル,2
愛知県出身の文化人,1058
ABCテレビ番組,423
マーケティング手法,13
福岡県小学校の廃校,1
樺太出身者,26
スーパーロボット大戦シリーズの参戦作品,113
架空の植物,34
プレイステーション2のゲームタイトル(2002年),197
心理療法,82
東洋大学の人物,223
魚雷,63
ジャマイカの都市,9
埼玉県指定文化財,43
独立主張のある地域,22
日本の建築家,266
グアテマラの都市,18
中央アフリカの都市,21
武蔵野音楽大学の人物,52
タミヤのRC製品,52
明星中学校・高等学校の人物,26
神奈川県の神社,34
官能小説家,68
プレイステーションのゲームタイトル(1999年前半),259
奈良教育大学の人物,4
福井県立藤島高等学校の人物,65
H＆K_USPに関連する作品,33
代替医療,40
F1死亡事故,1
兵庫県高等学校の廃校,16
サントメ・プリンシペの銀行,3
木戸孝允を演じた俳優,24
東京ドームコンサートを開催したミュージシャン,3
日本の映画監督,558
インターネット現象,2
神奈川県特別支援学校,45
消滅した政権,297
漢方方剤,36
山,82
東北薬科大学の人物,3
熊本県中学校,190
日本のクリスチャン有名人,37
広島県出身の人物,1390
京都府小学校,433
九州地方の再開発,13
3年B組金八先生の生徒,1
ベネズエラ人,106
新聞,113
ブルンジの銀行,11
過去のTBS系列番組,372
ネオジオのゲームタイトル,56
大阪府特別支援学校,41
計測機器,42
アイスランドの銀行,4
俳人,301
朝日放送のアナウンサー,79
NC-17指定の映画,121
日本大学豊山中学校・高等学校の人物,192
箱根駅伝の人物,46
愛媛県高等学校の廃校,4
日本の法律,440
アイヌ,90
ギリシア人(時代順),70
コネチカット州の郡,8
工科大学,129
大映ユニオンズの選手,61
深夜アニメ,653
上智大学の人物,628
ニューヨーク州の郡,62
ボーイズラブ小説家,105
生年別推理作家_1970年代,55
プロ野球審判員,174
化学反応,173
奈良県特別支援学校,12
クリケット選手,217
札幌大学の人物,50
日本のプロテスタント教派,15
日本文理大学の人物,27
宗教,50
カリフォルニア州のラジオ放送局,1
海軍,7
日本の企業(電気・ガス),64
日本の法律・会計に関する資格,6
日本の一般有料道路,141
福岡市の都市計画事業,12
修道中学校・修道高等学校の人物,230
大日本帝国海軍航空隊,215
EZチャンネルのチャンネル,8
日本のスポーツ関連団体,51
日本の私塾,31
アニメ音楽の作曲家,44
モーリシャスの都市,9
親族関係にある政治家,4
スペインの大学,18
アブラハムの宗教を出典としない天使,6
世界の鉄道,119
ディズニーXD放送番組,57
日本女子大学の人物,72
アルゼンチン海軍艦艇,7
ヴァイオリンソナタ,67
元号(朝鮮),21
ホリプロの制作番組,16
日本のテレビ番組,255
九州工業大学の人物,11
日本の企業(水産・農林),15
日本の食文化の発祥地,35
大相撲力士,644
静岡文化芸術大学の人物,2
寮がある日本の中学校・高等学校,338
ゴシックメタル・バンド,2
日本大学第三中学校・高等学校の人物,70
阪神タイガース主催試合の地方球場,30
東京都小学校の廃校,5
バージニア州出身の人物,83
戦記作家,15
日本の企業(卸売業),330
DREAM選手,118
戦間期の写真家,1
北海道札幌南高等学校の人物,136
アニメ化されたことがあるコンピュータゲーム,135
秋田大学の人物,11
世界遺産(オセアニア),26
駿河台大学の人物,50
競馬実況アナウンサー,118
宮城県出身の人物,591
ドイツ語作家,151
宮家,30
第二言語習得研究者,19
日本の仏教系高等学校,110
船橋市の学校,94
活水女子大学の人物,10
エジプトの都市,62
茨城大学の人物,27
スポーツ競技大会,311
日本の同一駅名・同一市町村で所在地が異なる駅,4
ブドウ品種,11
東京芸術大学の人物,421
ブランデンブルク統治者,18
高知県特別支援学校,10
キリスト教番組,13
大阪医科大学の人物,4
アメリカ海軍艦艇,38
福岡県の灯台,16
カーボベルデの大学,6
島根大学の人物,18
双子の有名人,83
聖書に登場する女性,28
邦楽のジャンル,19
家紋,13
日本の商工会議所,11
ストリッパー,564
福島県出身の人物,457
埼玉県の古墳,13
F1ドライバー,421
コンピュータ用語,446
広島県の灯台,5
パズル通信ニコリのパズル,11
日本国外の劇団,45
茨城県幼稚園,1
バレーボール選手,649
文化学院の人物,277
ユダヤ教関連用語,224
空軍,7
チェスの世界チャンピオン,29
岩手大学の人物,20
中京大学の人物,65
ゲーム会社,401
埼玉県の再開発,16
ギリシャ海軍艦艇,14
歴史,37
コンピュータゲームのタイトル,968
大阪産業大学の人物,22
軍事指揮官,271
ギニアの銀行,1
日本の企業(ゴム製品),38
スター・ウォーズ登場組織,25
植物天然記念物,164
琉球大学の人物,26
生年別推理作家_1930年代,86
福井県小学校,206
無料のオープンアクセスのジャーナル,19
トレヴァー・ホーンの作品,27
愛媛県出身の人物,582
日本の企業(パルプ・紙),60
日本のバスケットボール選手,660
ジャマイカ人,79
プラモデル製造メーカー,46
マラウイの銀行,11
広島県保育所,90
アラバマ州出身の人物,63
愛知県出身の人物,2375
IBMによる合併買収,3
和歌山県の県道,192
島根県幼稚園,1
関西テレビ番組,260
アルメニア人,43
化学者,99
鳥類天然記念物,33
テレビ神奈川番組放送,114
作品がコンピュータゲーム化されたことがある漫画家,248
絵本作家,40
ウェストバージニア州の郡,55
フジテレビプロデューサー,81
イングランド君主,7
明治学院大学の人物,340
エルサルバドルの都市,18
日本のスキー場,654
ローマ軍団,29
言語学者,31
明治大学の人物,2020
日本初,107
デラウェア州の郡,3
50音順のカクテル,77
関東地方の住宅団地,9
ディスコアーティスト,46
ニカラグアの都市,19
メリット島の発射施設,5
NHKのアナウンサー,558
愛知県特別支援学校,31
ザンビアの大学,35
韓国陸軍の連隊,59
暴力団,20
アイルランド人,129
日本のペデストリアンデッキ,64
香港の銀行,10
青森公立大学の人物,3
オランダの企業,54
海上自衛隊の装備品,102
イランの郡,320
近畿地方の住宅団地,3
埼玉県幼稚園,3
世界の記憶,30
リベリアの都市,15
スポーツに関する日本初,21
日本の海水浴場,37
帝京大学の人物,66
イギリスの在外公館,1
広島県中学校,273
ファンタジー作家,157
愛知県立大学の人物,10
ハーバード大学の人物,53
ボーイング747に関連する作品,36
メキシコの都市,107
宮崎県小学校の廃校,1
愛媛県小学校の廃校,2
ウクライナの都市,2
長寿番組,145
HERO'S選手,149
香港の病院,74
台湾の政党,1
宮城県高等学校の廃校,11
アーケードゲームのタイトル(タイトー),327
兵庫県出身の人物,1240
カジノが合法化されている国,84
毎日放送テレビ番組,72
メダルゲームのタイトル,60
東京農業大学の人物,96
フリーゲーム,103
共産主義の台頭を主題とした映画,47
神奈川県のご当地ソング,19
日本外国人作家,16
千葉市の地名,35
1980年代にデビューしたプロレスラー,72
馬の品種,296
日本の企業(その他製品),167
千葉県中学校,406
日本のプロ野球監督,181
東海学院大学の人物,2
慶應義塾大学の人物,760
三重県の県道,322
福島県幼稚園,47
麻雀用語,168
日本のスポーツクラブ,24
朝鮮の君主,188
ブルゴーニュ公,21
関東地方のローカルヒーロー,7
魚類天然記念物,14
日本の老舗,159
アーケードゲームのタイトル(コナミ),374
アーケードゲームのタイトル,302
日本の企業(情報・通信),409
大阪府の再開発,22
カリフォルニア州出身の人物,536
日本のラジオパーソナリティ,2501
大阪芸術大学の人物,260
福岡県指定文化財,2
グラビアアイドル,193
東京都立新宿高等学校の人物,145
SF作家,341
鹿児島県中学校の廃校,13
Multi_Video_Systemのゲームタイトル,4
長崎県幼稚園,17
男子レスリング選手,48
ゲームを原作とする映画,38
化石爬虫類,80
翼軍の選手,16
東京国際大学の人物,59
北朝鮮によるテロ事件,11
高崎経済大学の人物,308
栃木県中学校,172
東京証券取引所で上場廃止となった企業,192
セルビアのバレーボール選手,48
ブルキナファソの銀行,3
ペルーの都市,39
青森県小学校,346
赤道ギニアの首相,8
文字体系,108
生年別日本の漫画家_1950年代,128
体育・スポーツ関連学会,1
スウェーデン海軍艦艇,18
早稲田大学の人物,2285
佐賀県立佐賀西高等学校の人物,84
森林,30
アメリカ海軍護衛空母,115
大阪府中学校,533
日本の企業(マンション管理会社),70
寮歌,3
オクラホマ州の郡,77
ブルターニュ出身者,37
千葉県の寺院,44
トヨタのエンジン型式,7
スポーツに関する日本一,2
生物に関する世界一,129
騎手,1668
石川県高等学校の廃校,5
ボヘミア君主,33
プレイステーションのゲームタイトル(2001年),262
出身都道府県別漫画家,2349
海上保安庁の保安部、保安署等,15
幕末の人物,462
滋賀県特別支援学校,16
プレイステーションのゲームタイトル(1998年後半),267
渋谷区の学校,67
埼玉県小学校,826
世界の女優,597
山形県中学校の廃校,1
近畿地方のローカルヒーロー,10
プロ野球の短命ユニフォーム,81
宗教指導者,10
至学館大学の人物,24
ブルキナファソの大統領,5
マジシャン,223
群馬県中学校,177
日本の企業(ガラス・土石製品),81
スリランカ海軍艦艇,3
貨物取扱駅コード,1
武蔵野大学の人物,16
NATOコードネーム(ミサイル),12
大分大学の人物,16
茨城県特別支援学校,22
ブルネイの銀行,7
熊本大学の人物,32
群馬県高等学校の廃校,10
絶滅した植物,54
日本の漁業協同組合,146
チリの都市,49
粤劇劇団,7
玉野市のため池,11
ローカルニュース動画配信実施局,3
ルーマニア海軍艦艇,8
日本の交通関連の高等学校,14
埼玉ブロンコスの選手,9
砕氷船,49
男子テニス選手,507
北海道小学校の廃校,2
植物園,28
日本の再開発,86
三重県保育所,109
日本の不動産に関する法律,28
空手の型,1
福島県小学校,505
オリンピック関連用語,143
栃木県中学校の廃校,1
山梨県小学校,203
マクドナルドの商品,24
平成音楽大学の人物,5
フランス人,247
富山大学の人物,35
フィンランド海軍艦艇,7
イギリスの鉄道路線,230
アイスホッケー選手,11
ドライバー,418
日本の企業(食料品),583
分譲マンションブランド名(企業別),242
国際競技連盟,223
明治薬科大学の人物,20
北海道教育大学の人物,55
界面活性剤,10
岐阜県外国人学校,2
作品がラジオドラマ化されたことがある漫画家,260
別府市指定文化財,1
京都府高等学校の廃校,4
オレゴン州の郡,36
長崎県小学校,367
歌枕,38
日本の電気機関車,245
海上保安庁の装備品,17
中東の民族,2
架空の乗り物,19
スノーボード選手,96
オリックス・バファローズ主催試合の地方球場,33
プラネタリウム,182
ロシアのバレーボール選手,74
変身ヒーローアニメ,46
京都精華大学の人物,37
沖縄県出身の人物,550
国鉄新性能電車の編成記号,17
兵庫県小学校の廃校,8
R-18指定の映画,125
研究科,189
日本の陶磁器産地,118
日本国指定名勝,169
オランダ君主,22
航空用エンジン,131
日本人ライダー,111
アメリカ海軍戦艦,70
神戸大学の人物,233
北海道保育所,25
高知県小学校の廃校,1
三重県中学校,175
福岡県特別支援学校,39
水上機,143
徳島県特別支援学校,8
サポート校,64
サウジアラビア海軍艦艇,1
関東地方のダム,58
愛媛県の主な第三セクター,16
熊本県小学校の廃校,19
ソ連・ロシア国境軍艦艇,64
都市の建設者,39
ドイツの企業,63
ブラジルのサッカー選手,231
ザンビアの都市,21
武満徹の作品,59
大分県小学校,118
産業再生法を適用した企業,10
首都大学東京の人物,200
日本の企業(空運),12
日本の車両基地,176
消えた都市,94
岡山県の県道,1
山口県特別支援学校,13
長野県幼稚園,9
神奈川県の再開発,18
バレーボール解説・実況アナウンサー,107
山口県高等学校の廃校,7
芸名に句読点が含まれる芸能人,143
社会学者,308
仮面ライダーシリーズ第3期登場怪人,2
東北楽天ゴールデンイーグルス主催試合の地方球場,7
広島県小学校の廃校,1
世界の温泉地,75
前橋工科大学の人物,4
ニューメキシコ州の郡,33
日本史の出来事,117
鉱物,150
千葉県幼稚園,9
日本の学会,31
セガ・マークIIIのゲームタイトル,72
レコード会社別作品・番組,6
韓国陸軍の師団,95
オハイオ州出身著名人,205
橋,29
東京都幼稚園,104
ケニアの都市,56
神奈川県の軍事遺跡,50
ブラジルのサッカークラブ,82
ヴィジュアル系アーティスト,231
韓国の放送局,42
愛知県中学校,429
AV女優,3842
茨城県中学校,38
鉄道写真家,26
美術科教員養成課程をもつ大学,39
ナイジェリア海軍艦艇,1
月を扱った作品,102
女性君主,46
シンガポールの政党,4
空手道選手,98
ビートルズの曲名,280
トカレフTT-33に関連する作品,37
英会話スクール,18
情報番組,131
地球外の地形,19
大阪大谷大学の人物,5
有名な宝石,9
三重県特別支援学校,14
アーケードゲームのタイトル(バンダイナムコゲームス),182
動物の愛称,52
デンマーク海軍艦艇,14
世界遺産(アジア),186
東京都立小石川高等学校の人物,132
高等女学校,1
長崎市指定文化財,2
神田外語大学の人物,6
昭和大学の人物,14
アイオワ州出身の人物,58
日本の森林,34
宝塚大学の人物,20
デンマーク人,61
北海道の再開発,6
未確認動物,204
名古屋学院大学の人物,9
佐賀大学の人物,26
無神論者,26
九州地方の難読地名,47
ボスニア・ヘルツェゴビナの政党,27
日本のプロテスタント教会,14
マサチューセッツ州出身の人物,219
ネバダ州の郡,17
明治の人物,102
メタルギアソリッド_ポータブル_OPSの武器,17
中央アジア出身者,33
イラク人,19
関西学院大学の人物,203
実験器具,70
栃木県出身の人物,484
ソマリアの都市,11
プレイステーションのゲームタイトル(2003年-),47
日本の画家,367
自殺した有名人,171
気象学者,58
千葉県出身の人物,1160
楽器分類別,154
崇城大学の人物,1
望遠鏡メーカー,29
日本の川,456
ミュージシャン(グループ),1261
インドネシア海軍艦艇,2
日本の成人向け漫画家,443
青森大学の人物,7
長野県小学校,148
フランス陸軍の階級,2
アラスカ州の郡,29
エチオピアの都市,58
化学物質関連法規,29
異形コレクションに参加した作家,100
航空機メーカー,72
関西医科大学の人物,4
円谷怪獣,21
プレイステーションのゲームタイトル(2002年),221
ザクセン君主,48
かつて存在した航空会社,127
立教大学の人物,628
RPG-7が登場する作品,56
台湾の企業,50
日本の民族系合弁企業,103
美術館,430
和歌山県大学,6
拳銃弾,194
出版流通用語,114
人工惑星,45
各種学校,107
ライトノベル関連作品の架空兵器・能力,10
西日本の大学,294
イタリア人,232
宮崎県中学校,111
ペンシルベニア州出身の人物,207
共立薬科大学の人物,4
制限指定のアニメ,9
AV事務所,63
大阪府外国人学校,6
火星を扱った作品,39
アメリカ海軍航空母艦,68
北海道の山,330
ゲームのタイトル,5
埼玉大学の人物,258
ジャズ・ボーカリスト,177
多摩美術大学の人物,122
政治用語,27
植物油,102
山形県出身の人物,451
世界遺産(ヨーロッパ),330
東京薬科大学の人物,12
徳島県出身の人物,209
日本の映画作品,505
大日本帝国海軍文官,23
宮城県小学校,442
日本のスポーツのリーグ,15
ANN夕方ローカルニュース,3
福山平成大学の人物,1
パチスロ5号機,173
日本の小型船舶教習所,49
青森県幼稚園,2
大阪工業大学の人物,14
UFC選手,220
イギリス海軍艦艇,35
石川県幼稚園,1
金沢大学の人物,117
コロラド州の郡,64
日本のアナウンサー,410
日本の企業(倉庫・運輸関連),65
空運関連の業界団体,11
ハーバード大学に関係する日本人,135
東京学芸大学の人物,95
刀剣の業物,219
大阪府小学校の廃校,6
山形大学の人物,41
真空管式コンピュータ,42
鹿屋体育大学の人物,17
北九州市の土地区画整理事業,2
登山家,1
フジテレビディレクター,74
東京工芸大学の人物,37
航空機(C),852
文学賞,218
NATOコードネーム(潜水艦),30
カーボベルデの都市,9
山梨県出身の人物,233
千葉県特別支援学校,34
日本の企業(輸送用機器),144
列車沿革,3
秋田県幼稚園,4
バスケットボール解説者,23
立命館大学の人物,458
九州大学の人物,215
日本の企業(海運),48
都市伝説,24
モーリタニアの銀行,9
スワジランドの銀行,5
西鉄軍の選手,13
軌間,1
日本の古墳,399
自衛隊の学校等,30
ニンテンドウパワーのゲームタイトル,180
日本の環境に関する資格,13
ミネソタ州出身の人物,65
名数,246
九州国際大学の人物,48
神戸国際大学の人物,2
架空の国,137
アメリカンフットボール選手,745
宮崎県特別支援学校,13
スーパーファミコンのゲームタイトル,1328
愛媛県特別支援学校,16
中国地方の難読地名,65
大阪経済大学の人物,68
国士舘大学の人物,207
日本の利益団体,31
再上場した企業,20
アリゾナ州の郡,15
九州地方の住宅団地,7
洗足学園音楽大学の人物,91
総合研究大学院大学の人物,2
藤原氏の人物,47
チャドの銀行,7
パーソナルコンピュータ製品,47
深夜ドラマ,151
兵庫県幼稚園,456
暦法,64
マレーシア海軍艦艇,4
タバコの銘柄,182
オックスフォード大学の人物,62
山口県の灯台,14
日本の発電用ダム,52
日本の通り,40
日本の情報高等学校,173
滋賀県保育所,3
成城大学の人物,4
大和軍の選手,65
和歌山県小学校の廃校,1
山脈と山地,309
競艇施行者,41
無脊椎動物天然記念物,26
ウガンダの都市,23
千葉工業大学の人物,52
アルジェリアの都市,36
北海道幼稚園,33
南山大学の人物,50
弦楽四重奏曲,127
WOWOWの番組,80
工具メーカー,57
競技ダンス選手,3
日本のアニメ映画作品,90
スポーツに関する世界一,5
セネガル人,46
PINKちゃんねるの板,63
南北朝時代(日本)の人物,106
零式艦上戦闘機に関連する作品,25
平和主義者,40
サッカーリーグ,216
東京音楽大学の人物,60
タイ王国海軍艦艇,6
大日本帝国陸軍文官,17
自然公園,21
産業法令,389
CEROレーティング教育・データベースソフト,17
プレイステーション2のゲームタイトル(2005年),304
武蔵中学校・高等学校の人物,160
東洋学園大学の人物,5
ミシガン州出身著名人,154
フランス陸軍の連隊等,123
鉄道雑誌,1
キリスト教系出版社,28
日本のテレビドラマ(年代別),184
ポピュラー音楽の音楽家(グループ),879
オーストラリアの大学,16
ドイツ語詩人,73
アルゼンチンのサッカー選手,118
プロレスの王座,231
ジブチの銀行,9
徳島工業短期大学の人物,11
仮面ライダーシリーズ第1期登場怪人,4
カメルーンの銀行,8
花王製品,47
世界初,62
フランス陸軍の廃止部隊等,450
クラシック音楽の音楽コンクール,89
日本の女優,2083
第二次世界大戦前の日本の政治家,123
レソトの都市,8
軍用機事故,11
マダガスカルの銀行,5
癌,29
欧文略語,663
イギリス君主,15
ケーブルテレビ局,449
歴史書,2
野球リーグ,48
言語,873
日本国外のリーグに所属する日本人サッカー選手,198
ガンビアの銀行,11
大阪樟蔭女子大学の人物,8
ナレーター,328
大阪学院大学の人物,58
清国海軍艦艇,14
イエメンの政党,3
明智光秀を演じた俳優,26
囲碁用語,156
小銃・自動小銃等,1
ベイグラントストーリーのアイテム,14
航空機(B),741
大相撲出身のプロレスラー,40
東京証券取引所に上場する上場投資信託,8
電気製品,96
日本の私立大学,789
創造学園大学の人物,10
大日本帝国陸軍兵器,341
プロ男性ボディビルダー,75
オーストリア＝ハンガリー帝国海軍艦艇,15
東京外国語大学の人物,490
バレーボール大会,32
航空機(N-Q),452
モンタナ州の郡,56
天守,84
長崎県中学校,203
愛知県立時習館高等学校の人物,38
図形,20
富山県高等学校の廃校,1
国宝,41
愛知大学の人物,65
OpenDocumentをサポートするアプリケーション,30
香川県小学校の廃校,2
スペイン海軍艦艇,20
神戸女学院大学の人物,42
WWEに所属する人物,403
京都府立大学の人物,6
レポーター,138
宮崎県幼稚園,119
広島県高等学校の廃校,8
プロイセン出身者,281
スコットランドのサッカー選手,36
日本の音楽高等学校,110
高崎商科大学の人物,4
フリースクール,5
北海道特別支援学校,55
八王子市立の小学校,7
大阪成蹊大学の人物,3
横浜国立大学の人物,207
分野・時代別のインド人,73
近畿地方の難読地名,41
韓国のサッカー選手,325
鳥取県幼稚園,16
生年別日本の漫画家_1960年代,216
航空事故(1980年から1999年),76
ジンバブエの政党,2
教科,34
テキサス州出身人物,298
スター・ウォーズ登場人物,191
ハンガリー国王,43
北海道小学校,1225
成田市の学校,7
青山学院大学の人物,491
ドイツ人(分野別),355
東京都のご当地ソング,54
香川県高等学校の廃校,4
乗り物に関する世界一,76
ヒンドゥー教の遺跡,12
天竜川の橋,14
年表,20
作曲賞,66
兵庫県外国人学校,3
神,333
参考文献,6
明治時代の日本の勅令,16
モスク,41
スカッシュ選手,7
ベトナムの大学,7
北アイルランドのサッカー選手,28
M4カービンに関連する作品,49
障害を扱った作品,187
大分県中学校,142
大分市指定文化財,2
中部地方の難読地名,41
ニコモ,61
みんなのうた放送曲,599
スワジランドの都市,9
戦艦,111
スポーツのプロリーグ,31
アメリカ海軍戦車揚陸艦,1057
岩手県出身の人物,516
福岡県保育所,44
カンボジアの政党,4
兵庫県特別支援学校,44
怪獣,106
女性モデル,458
神戸芸術工科大学の人物,26
オートバイの車種名,58
イスラエルの銀行,6
山形テレビ番組,336
日本の工業高等学校,57
四国大学の人物,11
千葉県高等学校の廃校,14
CPU製品,98
ピアノソナタ,131
男優,557
映画プロデューサー,52
兵庫県中学校の廃校,1
コンピュータに関する人物,54
徳島県中学校の廃校,2
バーモント州の郡,14
佐賀県高等学校の廃校,4
東京女子体育大学の人物,39
スポーツのマスコットキャラクター,230
日本の大学スポーツ競技・団体,160
中華人民共和国の企業,103
プレイステーション2のゲームタイトル(2007年),205
ロードアイランド州の郡,5
ネブラスカ州の郡,93
兵庫県立大学の人物,26
熊本県特別支援学校,19
日本のヒップホップMC,277
エクアドルの都市,23
架空のロボット兵器,44
東京都の主要道路,50
和歌山県中学校,140
千葉県の灯台,14
日本の工業団地,210
藤田保健衛生大学の人物,6
大阪音楽大学の人物,27
チリ海軍艦艇,17
世界一,281
東北地方の難読地名,41
栃木県高等学校の廃校,6
メリーランド州の郡,24
第一高等学校(旧制)の人物,638
東京都の灯台,12
曲名,1029
熊本県立大学の人物,6
文教大学の人物,37
東京都立日比谷高等学校の人物,1512
順天堂大学の人物,92
ブルガリア人,68
バンダイナムコゲームス発売のゲームタイトル,434
シエラレオネの銀行,14
岡山県小学校,411
広島県特別支援学校,16
宮城県の灯台,31
香川県中学校,81
東京海洋大学の人物,41
宿泊施設関連の文化財,114
大関,91
ベレッタM93Rに関連する作品,31
日本の住宅団地,63
陸上競技選手,255
ウルグアイ海軍艦艇,1
秋田県の合併新市・新町,22
長野県特別支援学校,19
イギリスの新聞,13
豊田市のコミュニティバス,8
日本の花火大会,241
山形県小学校,318
福岡教育大学の人物,30
日本の企業(不動産),384
鳥取県小学校,140
日本の橋,141
群馬県外国人学校,3
任天堂発売のゲームタイトル,184
関数,36
日本の珍味,2
ピアノ協奏曲,127
九州・沖縄地方のご当地ソング,4
トンガ海軍艦艇,1
リベリアの銀行,5
鹿児島県幼稚園,7
京都薬科大学の人物,4
フジテレビ番組,460
オペレーティングシステム,35
今治市の中学校,1
大阪近鉄バファローズの主催試合の地方球場,26
広島市町名・地区,64
西サハラの都市,5
偵察機・哨戒機,90
県主,54
インドの銀行,51
ローマ都市,126
カンボジア君主・国家元首,36
周期彗星,8
スーダンの都市,39
マラウイの切手の人物,4
福祉法令,103
ポピュラー音楽の音楽家(日本・個人),1164
日本の準用河川,15
競輪の競走,10
大妻女子大学の人物,24
全日本実業団対抗駅伝競走大会の人物,118
CEROレーティング18才以上のみ対象ソフト,31
長野県中学校,197
ノースダコタ州の郡,53
新潟県幼稚園,158
ハリアーに関連する作品,39
日本の書家,142
会津大学の人物,4
世界各国の統治者,2
チュニジア海軍艦艇,1
航空自衛隊の基地,22
京都府中学校,200
男性モデル,203
射撃選手,94
日本のホテル,95
プロ野球解説者,60
カール・ツァイスのレンズ製品,16
陸上自衛隊の廃止部隊等,24
男子総合格闘家,799
陸上自衛隊の連隊等,218
日本の自動車教習所,1041
秋田県出身の人物,472
お笑い芸人のCD,49
法政大学の人物,784
岐阜県中学校の廃校,1
メガドライブのゲームタイトル,332
オーケストラ,282
日本の湖沼,172
神戸学院大学の人物,33
ナポリとシチリアの君主,34
ギニアビサウの銀行,5
オープンソースのメディアプレーヤー,16
日本医科大学の人物,118
航空機(I-M),1031
ロケット,56
ワシントン州出身の人物,70
山梨県特別支援学校,10
広島県知事,5
オールナイトニッポンのパーソナリティ,391
時候の挨拶,51
宮城県中学校,223
書体,145
チャンパ王,74
神奈川県の島,16
日本の人造湖,284
東京都立西高等学校の人物,167
四国地方の道路,56
岩手県高等学校の廃校,16
ライトノベル作家,217
中国のスポーツチーム,5
ナイジェリアの都市,50
日本の寺院,401
岡山県特別支援学校,13
プッリャとカラブリアの伯爵と公爵,12
サーキット,132
日本の企業(その他金融),102
北海道のご当地ソング,47
ライダー,200
モンテネグロの銀行,6
石川県の灯台,22
四国地方の住宅団地,1
武芸,18
中部地方のご当地ソング,4
静岡県立大学の人物,144
楽器,358
漫才の種類,6
事故,4
東京教育大学の人物,99
ハンガリー人,421
ポルトガル人,61
日本国政府用語,5
北里大学の人物,4
新居浜市の小学校,3
競馬の調教師,449
ドイツの州章,1
フランス陸軍の旅団等,17
過去に発売されていたトミカ,19
P＆G製品,3
鹿児島県小学校,582
福岡県高等学校の廃校,38
PDFソフトウェア,57
追手門学院大学の人物,21
コートジボワールの都市,34
群馬大学の人物,121
帯広畜産大学の人物,9
麻布中学校・高等学校の人物,135
世界の軍閥,17
地域高規格道路,241
アラバマ州の郡,66
秋田県の灯台,8
儒学者,379
生年別推理作家_1901_-_1910年代,87
ホーチミン市の大学,27
東京農工大学の人物,23
ドイツの新聞,4
プレイステーションのゲームタイトル(2000年前半),245
トルコの都市,85
流通経済大学の人物,74
開成中学校・高等学校の人物,226
新潟県小学校,265
廃刊になった日本の新聞,39
岐阜県小学校,381
ルクセンブルク君主,30
性のテクニック,20
AK-47が登場する作品,74
東京都特別支援学校,67
島根県中学校,106
日本のキリシタン,119
木,3
芸術系学科のある短期大学,1
リトアニア人,126
明星大学の人物,61
日本の見本市会場,167
埼玉県外国人学校,2
中村学園大学の人物,6
大阪エヴェッサの選手,30
フランス陸軍の装備品,91
F1関係者,238
福岡県立福岡高等学校の人物,195
新潟県特別支援学校,28
ガリチア・ブコヴィナ出身者,34
アフリカのサッカー選手,292
エストニア人,67
和歌山県幼稚園,15
早稲田大学系属早稲田実業学校の人物,104
観光地,80
コンゴ共和国の政党,8
日本の乗り物に関する資格,22
シューベルトの楽曲,11
滋賀県小学校,231
事業統合,1
卓球選手,282
大日本帝国陸軍の軍,19
その他の自動車専用道路,24
東北地方のローカルヒーロー,15
先住アメリカ人,194
コロンビアの都市,43
日本の情報に関する資格,17
日本の専修学校(医療系),144
九州地方のローカルヒーロー,10
大学校の名のつく日本の専修学校,50
バレンタインデー関連楽曲,1
愛知淑徳大学の人物,21
ローマ皇帝,64
札幌学院大学の人物,30
スター・ウォーズ登場兵器,51
吉田拓郎の作品,7
埼玉県小学校の廃校,1
トロントのスポーツチーム,18
クロアチアのサッカー選手,55
埼玉西武ライオンズ主催試合の地方球場,23
石川県中学校,99
千葉県の図書館,3
カーボベルデ人,142
バンプレストオリジナルのキャラクター,1
日本の検定試験,268
フィンランドのラジオ局,2
日本の鉱山,31
看護師等養成課程を持つ日本の大学,188
プレイステーションのゲームタイトル(1997年後半),255
スポーツ器具,27
芦屋大学の人物,7
日本の開発,12
朝鮮民主主義人民共和国の著名人,36
桐朋学園大学の人物,40
法則,127
インターネット用語,260
和歌山県特別支援学校,11
星界の紋章・戦旗惑星,1
航空自衛隊の隊,26
島根県高等学校の廃校,4
リトアニアの政党,6
ドイツの市町村,26
日本の国立大学,85
日本の造園に関する資格,36
官公庁のマスコットキャラクター,70
仏,128
仙台市の歴史的町名活用道路,68
ファミリーコンピュータのゲームタイトル,878
秋田県中学校,132
AKB48関連の楽曲,378
青森市地区,63
福岡県出身の人物,1508
宇宙戦艦ヤマトシリーズの登場人物,82
世界遺産(南アメリカ),52
ブリットポップ・ミュージシャン,25
オーストラリアの野鳥,4
テレビ東京制作スタッフ,26
モルディブの国家元首,4
日本の電力会社(戦前),23
日本のコミュニティバス,614
日本の外資系企業,112
フランスの企業,85
広島県立広島国泰寺高等学校の人物,76
医事法令,135
東京女子大学の人物,95
大阪国際大学の人物,7
大阪教育大学の人物,64
スポーツ競技,215
東北芸術工科大学の人物,33
ディズニースピンオフアニメ,14
和歌山県小学校,271
長野県指定文化財,10
みんなのうた年度別放送楽曲,383
大分県出身の人物,345
吉本興業所属タレント,764
フランスの音楽学校,123
富士大学の人物,5
レイフ・ヴォーン・ウィリアムズの楽曲,16
特撮俳優,1086
医薬品,277
熊本県小学校,404
北海道中学校,670
日本の開発(土地区画整理事業),7
日本の廃河川,33
スタートレックに登場した異星人,111
日本の食品に関する資格,15
長野県小学校の廃校,1
トヨタの電動機型式,19
ボクシング世界王者,170
日本のフェリー会社,64
解散したお笑いグループ,8
アメリカ合衆国のテレビドラマ,517
日本人メジャーリーガーが獲得したタイトル・表彰,14
ゲーム音楽の作曲家,362
暗殺事件,3
AV女優_ら・,67
花,167
関東地方のご当地ソング,16
共同テレビジョン技術協力番組,17
日本のフリーアナウンサー,3
北海商科大学の人物,9
ゲームボーイのゲームタイトル,761
神奈川県小学校,637
歌舞伎役者,304
北星学園大学の人物,12
奈良県幼稚園,3
スキー選手,712
オランダのサッカー選手,58
特撮関連人名,363
アメリカ海軍巡洋艦,224
大学,8
航空用エンジンメーカー,67
福岡県小学校,754
愛媛県中学校,147
鉄鋼関連の業界団体,1
ミッチェル報告書に記述された選手,88
日本テレビ・バラエティー局ドラマ局制作番組の分野別,682
千葉県のニュータウン,55
スカ・バンド,31
新潟市内を走る県道,66
島根県出身の人物,439
対戦型格闘ゲームのキャラクター,1
群馬県中学校の廃校,6
カメルーンのサッカー選手,61
中部地方のローカルヒーロー,11
国際機関の公用語,25
中国人民解放軍の教育機関,3
性科学者,9
CEROレーティング12才以上対象ソフト,441
徳島県幼稚園,37
名城大学の人物,55
ユタ州の郡,29
ブルガリア君主,57
千葉商科大学の人物,153
最も売れたコンピュータゲーム,7
日本の鉄道模型メーカー,45
日本の公立大学,92
新居浜市の中学校,3
PCエンジンのソフトウェア,10
岩手県小学校,404
サウジアラビアの都市,25
富山県出身の人物,447
修道院,75
将棋類,53
日本の映画スタッフ,135
家畜,37
ロリータアイドル,112
山梨県の神社,526
ナミビアの銀行,6
日本の写真家,564
埼玉県立浦和高等学校の人物,62
青森県出身の人物,663
新潟総合テレビ番組,142
ボボボーボ・ボーボボの真拳,46
学習院大学の人物,781
東海大学の人物,243
女子レスリング選手,20
高知県中学校の廃校,2
IPodのゲームタイトル,41
ゴルファー,1166
横浜ベイスターズ主催試合の地方球場,50
レソトの銀行,4
タイの国立公園,136
日本男子バレーボール代表選手,135
武蔵野美術大学の人物,218
生物学者,308
ジョージア州の郡,158
アダルトゲームのタイトル,790
パチンコ機,430
源氏の人物,215
音域,22
スーパーカー,118
2ちゃんねるAAキャラクター,100
テネシー州の郡,95
サウスカロライナ州の郡,46
ブルンジの都市,12
日本の通信制高等学校,184
ミサイル,450
コナミデジタルエンタテインメント発売の製品,212
職業,205
北欧神話の固有名詞,356
日本のスケートパーク,15
杏林大学の人物,16
アンゴラ人,3
スター・ウォーズ世界の用語,16
日本の廃止・休止競馬場,22
日本の社団法人,289
北海道地方の道路,46
児童虐待事件,14
ファミリー劇場番組,326
奈良県小学校,210
世界遺産(北アメリカ・中央アメリカ),70
関東地方の難読地名,70
人間の筋肉,34
ノースカロライナ州の郡,100
看護師養成課程を持つ日本の短期大学,31
ルノーのエンジン型式,4
日本のセパタクロー選手,23
日本の廃止鉄道路線,456
朝鮮史の人物,2
革靴ブランド,131
福井県幼稚園,3
新潟県の灯台,21
体論用語,4
部落問題研究者,38
客家人,24
カクテル,371
格安航空会社,1
Xbox_360のゲームタイトル,256
上海市出身の人物,64
獨協大学の人物,118
グルジア人,55
作品がテレビアニメ化されたことがある漫画家,440
大阪府幼稚園,23
ブリスベンの鉄道駅,43
アメリカ合衆国の州の愛称,50
フジテレビ制作スタッフ,83
ニンテンドーDSのゲームタイトル(2008年),374
ウサギを主題とする作品,31
東京都の橋,272
福井県特別支援学校,11
神奈川県のゆるキャラ,37
ニューヨーク州出身の人物,418
ラオスの都市,11
クラシック音楽の演奏家,760
航空機(D),483
アイスランド人,36
Cz75に関連する作品,19
セーシェルの都市,4
成人向け漫画雑誌,50
プロレスラー,1672
日本の色,96
鹿児島県小学校の廃校,1
群馬県幼稚園,9
マラウイの国立公園および保護区,11
高知県指定文化財,1
鳥取県特別支援学校,9
ジブチの政党,9
スウェーデンの交通事業者,27
ハイチ人,157
岐阜県保育所,2
アメリカ合衆国のバスケットボール選手,429
上越市の学校,106
福井大学の人物,11
称号に大が付く人物,66
お菓子系アイドル,101
エレクトロニクス用語,231
北海道の大学,37
化学の分野,33
ディスクシステムのゲームタイトル,112
プロ野球チーム,135
東京都立青山高等学校の人物,102
北海道東海大学の人物,9
トムとジェリーの短編作品,122
女子テニス選手,398
マリの都市,18
長崎県出身の人物,354
テレビ熊本番組,101
フルート協奏曲,18
日本の企業城下町,70
鹿児島県中学校,266
イギリス海軍航空母艦,14
日本史の人物,333
練馬区指定・登録文化財,14
日本の独立行政法人,4
環境法令,185
ブリティッシュコロンビア州のカレッジ,6
正教会の教会機構,34
宮崎県小学校,256
道教用語,31
日本酒の銘柄,31
長崎県特別支援学校,15
共和政ローマ執政官,1
テレビ大分番組,203
山梨県高等学校の廃校,5
神学者,99
オーストラリア海軍艦艇,21
ガンダムシリーズゲーム作品,57
おもな中国水墨画,160
中国の篆刻家,12
オンラインゲームのタイトル,239
ザンビアの政党,10
WOWOWの海外ドラマ,141
日本の信用組合,158
水族館,29
ポピュラー音楽のジャンル,156
地域団体商標,110
アブハジアの大統領,2
日本工学院専門学校の人物,64
栃木県小学校,7
くまのプーさんキャラクター,28
キツネの入った言葉,1
金融の用語,73
ラグビーチーム,25
ベーシスト,288
学校法人,363
アメリカ合衆国のミサイル,192
ブータンの都市,18
ワシントン州の郡,39
大阪歯科大学の人物,2
日本刀,188
大阪府小学校,1027
プロジェクト:生物/食用となる植物,66
日本の企業グループ,603
フィリピン海軍艦艇,1
滋賀県中学校,107
日本の国際高等学校,195
愛知県外国人学校,7
和歌山県の灯台,27
トーゴの銀行,3
大阪市立大学の人物,75
アメリカ海軍フリゲート,118
エチオピアの大統領,5
東北地方の道路,371
新潟大学の人物,82
サントメ・プリンシペの都市,5
イラン海軍艦艇,1
広島東洋カープ主催試合の地方球場,14
人間の骨,18
サッカー中継リポーター,40
群馬県小学校,339
ガンビアの都市,20
50万都市,17
宮城教育大学の人物,7
タイの大学,98
金沢医科大学の人物,1
電子メールクライアント,30
熊本県幼稚園,40
中部地方の住宅団地,6
日本のクイズ番組,318
静岡県幼稚園,3
ノルウェー人,81
すべらない話,84
1990年代にデビューしたプロレスラー,227
技能連携校,16
マヤ遺跡,32
SG-1000のゲームタイトル,66
ニュージーランド海軍艦艇,6
作品が小説化されたことがある漫画家,84
サッカーの国際大会,123
仙台の著名人,308
香川県小学校,182
法学のラテン語成句,7
北欧神話に関連する作品,33
マレーシアの大学,2
日本の生活協同組合,1079
ウィザードリィのシリーズ,6
数学者,103
富山県の図書館,18
架空戦記作家,94
SRC選手,119
日本の私立学校,587
大辺路の王子社,3
埼玉県特別支援学校,40
野球実況アナウンサー,303
大学校,57
ブラジルの都市,125
ルガーP08に関連する作品,27
山梨大学の人物,11
福井県の灯台,13
沖縄県特別支援学校,15
山梨県幼稚園,3
ワルサーP38に関連する作品,40
ハリー・ポッターシリーズの魔法薬,2
奈良県出身の人物,447
チリ人,145
神奈川県保育所,1
オーストリアのサッカー選手,76
ビートルズのカバー,6
ロックの殿堂入り受賞者,178
農林水産関連の業界団体,83
プレイステーション2のゲームタイトル(2004年),287
食品の衛生管理法,4
野球を扱った作品,239
セーシェルの島,8
北海道の橋,15
植物の繁殖方法,11
デンマーク君主,50
奈良女子大学の人物,22
飛鳥時代以前の人物,653
ミネソタ大学の人物,20
第二次世界大戦を題材とした作品,19
大正時代の日本の勅令,2
福岡ソフトバンクホークス主催試合の地方球場,37
AOCチーズ,2
日本の都市計画家,97
群馬県出身の人物,765
℃-uteのイベント・コンサート,8
ボツワナの都市,22
西日本パイレーツの選手,29
プロレス用語,28
東京家政学院大学の人物,21
漫才師,513
埼玉県出身の人物,1717
千葉県の城,722
ナチズム・ファシズムの台頭を主題とした映画,2
ものまねタレント,157
火山(日本),139
歴代カリフ,88
Steamのゲームタイトル,114
軍用装甲車,79
パチスロ0-3号機,175
パプアニューギニア海軍艦艇,1
サーブ製軍用機に関連する作品,8
歴史上の軍隊,2
アニメ関係者,930
アジアのラジオ放送局,20
スター・ウォーズ登場テクノロジー,52
金管楽器,16
日本の農業高等学校,374
東京の再開発,53
大阪電気通信大学の人物,25
コルト・シングル・アクション・アーミーに関連する作品,21
国鉄・JRの車両形式,938
豊臣秀吉を演じた俳優,45
香港の企業,31
福岡県中学校,373
飢饉,9
韓国の著名人,230
ミズーリ州出身の人物,106
インドの公用語,29
サウスダコタ州の郡,66
イタリアの県,110
台湾海軍艦艇,13
旧制中等学校・新制高校のナンバースクール,66
佐賀県幼稚園,13
滋賀レイクスターズの選手,11
シエラレオネの都市,17
大聖堂,16
旧制中等教育学校(旧外地),1
言語のグループ,122
大日本帝国陸軍連隊,1136
テキストエディタ,66
ラグランジュ点に存在する物体,27
キューバ人,35
競馬場,161
スペインの企業,39
イタリアのサッカー選手,111
フェリス女学院大学の人物,44
Xboxのゲームタイトル,35
上場廃止となった企業,61
陸上自衛隊の師団等,17
茨城県小学校,40
サーフィンエリア,23
東京都外国人学校,10
日本の女性国会議員,296
日本工学院八王子専門学校の人物,34
横浜フリューゲルスの選手,79
岩手県中学校,188
日本の植物園,159
香川県出身の人物,356
映画会社,198
北中米カリブ海諸国のサッカー選手,39
観光農園,14
ゲームギアのゲームタイトル,188
アイダホ州の郡,44
タイの新聞,67
哺乳類天然記念物,28
アメリカ空軍基地,1
マラソン選手,122
奈良県保育所,1
韓国の企業,198
テロ事件,4
SIG_SAUER_P220に関連する作品,11
シェイクスピア劇登場人物_史劇,1
日本の通信に関する資格,2
青森県特別支援学校,20
アラブ系競走,17
オートバイ製造者,192
聖書の登場人物,183
読者ページ,21
日本の道路,11
ベルギー人,96
皇學館大学の人物,9
ギリシア神話を題材とした文学作品,3
京都府出身の人物,640
地域別の川,102
交響曲,455
カナダ海軍艦艇,20
海外領土・自治領,60
チェコ人,328
天体,155
岩手医科大学の人物,3
神奈川県の公園,62
島根県小学校,231
天理大学の人物,39
安土桃山時代の人物,478
社会人野球チーム,160
近畿地方の道路,146
宮崎県指定文化財,5
アメリカ海軍掃海艦・機雷敷設艦,1021
プレイステーション2のゲームタイトル(2006年),255
NHK教育テレビ番組,236
日本の長時間特別番組,33
新田高等学校の人物,29
アーケードゲームのタイトル(カプコン),142
イスラエル人,215
富山県中学校,84
クラシック音楽の指揮者,795
イギリスの小説家,176
三重県出身の人物,247
城西大学の人物,70
コンピュータウイルス,31
仙台市内の公共施設,42
福島大学の人物,52
インドの企業,33
奈良県中学校,119
新潟県高等学校の廃校,14
エチオピアの国家元首,60
児童文学作家,192
台湾の新聞,11
宮崎県の灯台,14
民族衣装,50
セーシェルの銀行,7
殺菌剤(農薬その他),15
ベナンの都市,17
クロアチア人,48
武庫川女子大学の人物,14
映像系制作プロダクション,272
プログラミング用語,425
ヒンドゥー教寺院,29
フロリダ州の郡,67
宝石,91
症候群,188
佐賀県小学校,173
福島県立医科大学の人物,2
鹿児島県出身の人物,711
南極周辺の島,19
オルデンブルクの君主,2
聖マリアンナ医科大学の人物,2
香川県特別支援学校,9
魚,715
徳島県中学校,90
非装甲戦闘車両,7
埼玉県高等学校の廃校,18
スタートレックに登場した惑星,38
プレイステーションのゲームタイトル(1997年前半),212
ABC支局,178
坂本龍一提供楽曲,88
博物館,42
アニメ作品,212
南アフリカ人,58
フランス国立高等演劇学校の人物,240
獨協医科大学の人物,7
ブルキナファソの都市,54
愛知県立旭丘高等学校の人物,174
自転車メーカー,208
日本の企業(鉄鋼),58
中華民国海軍艦艇,6
NFLの日本人チアリーダー,15
長崎大学の人物,43
京都工芸繊維大学の人物,1
日本のサッカー大会,63
鉄道に関係する人物,249
工学,148
テレビ静岡アニメ番組,43
小結,92
岐阜県特別支援学校,15
ゲームクリエイター,236
モルドバ人,4
会社別列車種別,70
アダルトゲーム関連人物,517
オランダ人,91
神奈川県外国人学校,6
三重県高等学校の廃校,8
日本国外の鉄道模型メーカー,41
漫画家,221
NHKラジオ番組,40
ヘーゲル主義者,75
兵庫県の再開発,10
テレビ信州番組,225
K-1選手,337
日本の段丘,4
日本基督教団の人物,20
温泉関連の文化財,5
駒澤大学の人物,228
大阪府保育所,19
愛知県高等学校の廃校,4
広東省の大学,37
日本女子バレーボール代表選手,185
アドビシステムズのソフト,68
怪奇小説作家,35
ブルネイの都市,8
東京都立戸山高等学校の人物,285
ニカラグア人,189
九州共立大学の人物,17
地質・鉱物天然記念物,2
将官・佐官出身の国会議員,18
日本の一級河川,38
金城学院大学の人物,20
広島市立大学の人物,5
世界五大以降,9
京都府外国人学校,5
山口県幼稚園,142
日本の学校法人,1836
文字体系別の言語,251
フランス海軍艦艇,56
PG-13指定の映画,94
渡辺プロダクション・ワタナベエンターテインメントの所属者,280
装輪装甲車,123
京都府立洛北高等学校・附属中学校の人物,136
朝鮮民主主義人民共和国の企業,60
トスカーナの支配者,22
シジシージャパン加盟スーパー,243
両生類・爬虫類天然記念物,4
日本のクラシック音楽の作曲家,420
検索エンジン,97
ロシアの企業,115
フィリピンの都市,117
読売テレビ制作スタッフ,11
愛媛県の図書館,17
秋田県特別支援学校,14
日本のサッカー競技場,164
コミックソング,174
オスマン帝国海軍艦艇,11
アメリカ軍機,295
椙山女学園大学の人物,15
クロアチアの都市,96
長崎県中学校の廃校,1
経済学のジャーナル,50
ドイツの銀行,4
日本の野鳥,3
香港人,71
大阪証券取引所に上場する上場投資信託,3
イギリス海軍護衛空母,4
ガイアナの都市,5
日本の法学者,1116
イングランドのサッカー選手,261
キプロスの銀行,11
日本の定時制高等学校,649
北海道の川,221
建築家,176
高校野球解説者,20
石川県保育所,51
氷河,380
画家,328
プレイステーションのゲームタイトル(1999年後半),349
京都府小学校の廃校,4
アメリカ海軍揚陸艦,761
ハンガリーの銀行,18
ギタリスト,732
KBS京都アニメ番組放送,158
ケロロ軍曹の登場人物,11
日本の火力発電所,110
アルメニアの都市,18
日本の家庭高等学校,347
三重県幼稚園,20
甲南大学の人物,90
北海道の報道機関,78
政治学者,556
日本の祭,305
鹿児島県高等学校の廃校,26
ヨルダン王,4
航空機(E-H),1241
鳥取大学の人物,17
CEROレーティング15才以上対象ソフト,346
東京都高等学校の廃校,43
朝鮮民主主義人民共和国の都市,26
中国地方のローカルヒーロー,3
ジンバブエの都市,21
日本の建築に関する資格,72
通貨,164
男子キックボクサー,461
日本の漁港,17
WWE＆WWWF王座,13
リビアの都市,27
インドの言語の話者数,36
栃木県特別支援学校,16
構造改革特別区域,44
作品が演劇化されたことがある漫画家,37
オペラ作品,257
練習機,79
富山県幼稚園,2
茶人人物,108
岡山県高等学校の廃校,9
文化人類学者,52
日本体育大学の人物,65
日本の映画プロデューサー,65
かつてのウクライナの国家,18
ミシガン州の郡,83
メンデルスゾーンの作品,7
学校に関する日本初,34
ベトナム海軍艦艇,3
日本の企業(鉱業),20
ルワンダの都市,13
短機関銃・PDW等,76
ユーゴスラビア海軍艦艇,1
プレイステーション2のゲームタイトル(2000年-2001年),300
別府大学の人物,10
パレスチナ人,10
電気・ガス・熱供給・水道関連の業界団体,27
アメリカ海軍モニター,71
タイの鉄道駅,59
航空機テロ・破壊行為,38
山口県小学校,329
日本の篆刻家,113
ニュータイプ・強化人間,70
垂直離着陸機,40
モロッコ海軍艦艇,4
ドミニカ共和国の都市,10
児童文学研究者,44
特撮テレビ番組,256
キューバ海軍艦艇,1
焼酎メーカー,171
日本の出版社,1121
中央学院大学の人物,24
火山,144
石川県出身の人物,649
ロシア人,264
ミニ四駆,1
大阪府立北野高等学校の人物,146
物質分類,17
特殊部隊,51
ファーストフード店,42
神奈川県の城,32
東ティモールの都市,11
ダッソー社製軍用機に関連する作品,9
プレイステーションのゲームタイトル(2000年後半),258
航空事故(1960年から1979年),93
大分県の灯台,18
室町時代の人物,271
ワシントンD.C.のラジオ放送局,14
キリスト教文学,10
今治市の小学校,7
効果,118
経営者,46
陸軍,7
ローマ教皇,260
兵庫県立神戸高等学校の人物,123
領域別病名,13
ノースアジア大学の人物,1
プレイステーションのゲームタイトル(-1995年),99
ウルグアイの都市,23
スウェーデン君主,55
ニュージャージー州の郡,21
PG-12指定の映画,366
読売テレビ番組の分野別,256
佐伯市指定文化財,7
アメリカ海軍潜水艦,595
三重県小学校,400
大阪府立清水谷高等学校の人物,93
日本の陸上競技の実業団,53
イヌを主題とする作品,116
日本の重力式ダム,59
AH-1に関連する作品,30
ラスベガスのホテル,10
航空会社別の航空事故,197
空手家,209
徳島県高等学校の廃校,6
日本のアーチダム,38
日本のプロテスタント人名,90
日本の数学者,43
静岡県中学校,292
日本のスポーツチーム,19
日本の声優,4710
航空自衛隊の群,11
琉球政府公務員の職種・職級,1
国家・地域に関する世界一,3
福島県高等学校の廃校,4
ナミビアの都市,17
NNN夕方ローカルニュース,72
携帯電話ウェブゲームのタイトル,21
ABCテレビ制作スタッフ,22
目白大学の人物,14
アウトバーン,120
アレクサンドル・スクリャービンの作品,20
宇宙世紀の登場機動兵器,58
ベラルーシの都市,2
大阪府中学校の廃校,1
日本の台地,42
テレビ朝日制作スタッフ,26
日本の公立学校,76
佐賀県の灯台,15
日本の地域別鉄道路線,4
ネオジオCDのゲームタイトル,3
ジャズ音楽家,178
武蔵大学の人物,124
FN_Five-seveNに関連する作品,18
インドの観光地,14
ブルガリア海軍艦艇,8
岩石,11
週刊少年サンデー連載作品,11
火曜サスペンス劇場作品,578
かつて存在したアメリカ合衆国の鉄道運営組織,1677
長野県出身の人物,802
伝説の生物,448
明海大学の人物,19
北京市の公園,66
直接民主主義を標榜する政党,7
世界三大,15
長崎国際大学の人物,4
奈良県にある建造物の重要文化財,2
千葉県の軍事遺跡,141
写真家,146
松山大学の人物,41
国民新党の閣僚経験者,4
生年別推理作家_1940年代,72
日本の新聞,276
淑徳大学の人物,21
各国の軍隊,7
岡山県幼稚園,302
台湾の俳優,159
佐賀県保育所,4
神奈川県高等学校の廃校,39
ドミニカ共和国の人物,34
植物成長調整剤,5
ブラジル海軍艦艇,3
KDEアプリケーション,117
ニンテンドーDSのゲームタイトル,168
恋愛ドラマ/アニメ,76
ギニアビサウの大学,2
競馬の調教助手,53
戦闘機,72
クラシック音楽の曲名の俗称,3
成安造形大学の人物,48
朝鮮民主主義人民共和国の大学,19
外国語学校,30
城西国際大学の人物,8
愛知県幼稚園,5
新世紀エヴァンゲリオンの登場兵器,22
モザンビーク人,19
日本の都道府県労働局長登録教習機関,249
東京都立両国高等学校の人物,148
和歌山県高等学校の廃校,4
ウルトラ怪獣,58
愛媛大学の人物,42
日本の技能・サービスに関する資格,14
富山グラウジーズの選手,44
実験,24
イラストレーター,75
トレーディングカードゲームのタイトル,90
世界の考古遺跡(国別),224
歴史家,490
名古屋市立大学の人物,6
拓殖大学の人物,243
一橋大学の人物,920
広島修道大学の人物,50
江戸時代の人物,395
モーリタニアの都市,17
公開天文台,75
岩手県特別支援学校,16
ニコンFマウントレンズ,4
ソウル大学校の人物,37
ニュース番組,338
オーストリア君主,28
法学者,152
ウェールズのサッカー選手,40
学科,169
ヴァイオリン協奏曲,81
アルバニアの都市,59
日本基督教団の教会・伝道所,277
落語家,624
ハシディズムの宮廷,2
ゾイド,122
世界各国の著作権保護期間,163
ワイドショー,56
大阪商業大学の人物,35
オリックス・ブルーウェーブの選手,315
徳島大学の人物,25
ホリプロの人物,585
学部,388
テレビ東京番組,656
和歌山県指定文化財,17
宇都宮大学の人物,24
東京都小学校,1295
富山県小学校,204
ポピュラー音楽の音楽家(日本・グループ),197
プログラマー,23
京都産業大学の人物,55
日本の淡水魚,249
四国中央市の中学校,1
ソマリランドの大学,7
フィンランド人,105
エリトリアの銀行,3
ルーマニア人,103
親子上場を解消した企業,35
マネジメント手法,9
熊本学園大学の人物,17
高橋ユニオンズの選手,62
福島県中学校,247
マサチューセッツ州の郡,14
名古屋外国語大学の人物,3
スポーツニュース番組,19
日本の地方公共団体,1112
四国地方のローカルヒーロー,1
日本のマンガ・アニメ系高等学校,3
アフガニスタンの国家元首,27
ウルグアイ人,154
コンピュータ略語,10
詩人,316
川柳家,119
チェス用語,47
沖縄県指定文化財,52
東京都出身の人物,2399
ミズーリ州の郡,114
マラウイの都市,22
プロボクシング解説・実況アナウンサー,61
東京情報大学の人物,5
ルイジアナ州の郡,64
香川県中学校の廃校,1
航空事故(2000年以降),76
山口県中学校,172
ライカマウントレンズ,2
神奈川県の県道,2
日本人陸上競技選手のオリンピックメダリスト,15
兵庫県小学校,801
芝浦工業大学の人物,24
スポーツ関連用語,53
フランスのサッカー選手,280
エルサルバドル海軍艦艇,1
将棋の戦法,59
歌劇場,112
寮がある学校,5
F1サーキット,48
室内楽アンサンブル,31
イリノイ州の郡,102
漫画レーベル,104
スウェーデン人,127
茨城県出身の人物,578
アイルランド海軍艦艇,4
熱帯魚用アクアリウムのメーカー,46
物理法則,76
愛知県小学校,955
企業家,63
スリランカの銀行,20
剣道家,86
本田技研工業の製品,303
温泉施設が併設されている道の駅,116
ベラルーシ人,71
くりぃむナントカのコーナー,72
アフガニスタンの首相,19
マダガスカルの都市,20
昭和時代の日本の勅令,7
軍事著作家,49
パナマの都市,13
中国地方の住宅団地,2
パラグアイ人,52
海城中学校・高等学校の人物,70
体操競技選手,105
古代オリエントの地名,50
アメリカ海軍補助艦,2179
オートマグに関連する作品,22
麻雀ゲームソフト,91
新潟県中学校の廃校,2
リンブルフの君主,13
書誌学者,17
ハプスブルク家人物,123
東ヨーロッパ諸国のサッカー選手,95
北海道の神社,90
鳴門教育大学の人物,22
都留文科大学の人物,74
日本の漫画作品,3408
事実上独立した地域,20
キューバの都市,19
ミャンマーの銀行,14
文化功労者,60
日本の伝統工芸品,1103
北海道薬科大学の人物,3
ワシントン海軍軍縮条約での各国保有艦艇,18
静岡県の城,151
千葉ロッテマリーンズ主催試合の地方球場,21
宇宙飛行士,58
フランス国鉄の車両,2
黄埔軍官学校の人物,18
陸軍士官学校卒業生(日本),11
高知県出身の人物,281
おもな近代西洋絵画,37
鹿児島大学の人物,20
ウォルト・ディズニーカンパニー所属のスタッフ・アニメーター,88
鳥栖フューチャーズの選手,61
害虫,48
Bjリーグチアリーディングチーム,13
陸上競技大会,82
石川県小学校,225
北中南米のクラシック音楽作曲家,19
第二次世界大戦に関連する人物,301
早稲田中学校・高等学校の人物,79
FN_ブローニング・ハイパワーに関連する作品,22
鎌倉時代の人物,261
日本国外で使用可能な携帯電話端末,55
恐竜,380
週刊少年マガジン連載作品,3
天文学者,491
日出中学校・高等学校の人物,143
中国の仏典,868
鎌倉市内の寺院,91
コロンビア大学の人物,977
酪農学園大学の人物,7
富山県特別支援学校,13
球技,104
日本の記念日,31
元オリンピック選手の国会議員,5
三重県の灯台,12
日本の荘園,22
日本最後,17
慶應義塾高等学校の人物,201
早稲田大学高等学院の人物,147
和歌山大学の人物,30
日本のフェリー船舶,98
立正大学の人物,185
刑罰,13
オペラ作曲家,116
福岡本拠地時代のライオンズ主催試合の地方球場,28
攻玉社中学校・高等学校の人物,50
大分県幼稚園,1
SIG_SAUER_P230に関連する作品,11
島国,63
3DOのゲームタイトル,209
大分県高等学校の廃校,12
プレイステーションのゲームタイトル(1996年),350
秋田県小学校,252
Su-27とその派生型に関連する作品,15
カナダ人,185
ソニーのビデオカメラ製品,1
ウィスコンシン州の郡,72
ブリスベン出身の人物,2
日本の造船会社と造船所,34
日産のエンジン型式,45
中央競馬の冠競走,81
堀越高等学校の人物,410
湖沼,225
日本の建設に関する資格,29
京都府特別支援学校,19
日系アメリカ人,61
埼玉県の橋,2
尺八曲,2
香港の小学校,698
ガーナの都市,20
外国語類音同義語(人名),1
陶磁器産地,14
100万都市,4
イギリス海軍巡洋艦,7
作品がオリジナルビデオ化されたことがある漫画家,37
浮世絵師,576
ルネサンス音楽の作曲家,135
サッカー用語,51
造船会社と造船所,30
ウルグアイのサッカー選手,116
日本のヒップホップ・ミュージシャン,235
神奈川県中学校,473
ガンダムシリーズ関連用語,483
民事再生法を適用した企業,204
ブラジリアン柔術家,37
無敗馬,20
ニンテンドーDSのゲームタイトル(2009年),249
日本の男優,2391
北海道の城,15
大韓民国海軍装備品,17
オマーン海軍艦艇,2
ミネソタ州の郡,86
アダルトゲームメーカー,13
大韓民国の大学,264
バスケットボールリーグ,79
ドラゴンクエストシリーズの楽曲,11
キックボクシング団体,24
日本の合戦,315
ユダヤ教への改宗者,7
メディア関係のスタジオ,17
ポーランド人,287
沖縄県幼稚園,35
サッカー解説者,127
西南学院大学の人物,93
隋末唐初の群雄,33
労働に関する法令(日本),222
日本の物理学者,107
架空の生物,61
日本のユースホステル,988
福井県中学校,79
東京都中学校,823
日本の森林組合,84
モンゴルの政党,1
ブロードキャスターのコーナー,11
びわこ成蹊スポーツ大学の人物,11
人名,9
秋田県の県道,1
TBCテレビ・ラジオ番組,208
過去に発売されていたトミカ(トミカ単品),3
グルジア海軍艦艇,2
風力原動機メーカー,2
アメリカ海軍歩兵揚陸艇,759
官僚出身の国会議員,432
同諡号廟号,148
評論家,167
高知県中学校,124
テニス選手,2
ボード・ウォー・シミュレーションゲーム_のタイトル,441
イエメンの都市,7
EU域内乗り入れ禁止航空会社,30
アーサー王に関する書籍,4
食料品関連の業界団体,239
道都大学の人物,35
大阪近鉄バファローズの選手,242
日本の企業(機械),273
織田信長を演じた俳優,39
名古屋金鯱軍の選手,42
伝承折り紙,3
ペルー海軍艦艇,2
山形県中学校,114
海上自衛隊の隊,13
宮崎大学の人物,17
日本のヒップホップDJ,66
バレーボールチーム,141
オーストリア人,252
化合物,387
天使,96
女性政治家,102
中津市指定文化財,3
電気通信大学の人物,29
大久保利通を演じた俳優,16
日本の城,1433
島嶼国,47
聖書学者,39
天然保護区域,16
クトゥルフ神話に影響を受けた作品,47
男子ボクサー,1026
気象機関,193
弘前大学の人物,124
南アメリカのサッカー選手,39
路面電車の走る街,328
日本の地理学者,251
大日本帝国陸軍師団,208
日本の国立学校,145
韓国の新聞社,32
百貨店,65
茨城県の軍事遺跡,20
ソマリアの銀行,4
日本の月間,99
三人組,255
読売ジャイアンツ主催のオープン戦使用球場,33
手技療法・各種教育機関,5
中国武術,33
過去のジュニアアイドル,275
三国志演義の人物,1137
北海道医療大学の人物,13
徳島文理大学の人物,43
計画都市,81
大正製薬製品,3
朝まで生テレビ!のパネリスト,505
日本の企業(保険),36
中部地方の道路,274
グスターヴ・ホルストの楽曲,9
レバノン人,11
専修大学の人物,453
京都府立医科大学の人物,8
宮城県幼稚園,10
日本のサーキット,278
ブルガリアのバレーボール選手,13
坂本竜馬を演じた俳優,33
岐阜県出身の人物,367
福岡女子大学の人物,6
プロジェクト:世界遺産/テンプレート(国別),92
岡山大学の人物,95
カンボジアの都市,13
アンゴラの都市,20
愛知県の図書館,66
千葉県中学校の廃校,1
東京都保育所,2
ゲーム機,114
コモロの銀行,2
AOCワイン,1
アメリカ海軍中型揚陸艦,514
CEROレーティング17才以上対象ソフト,207
富山県保育所,1
生年別日本の漫画家_1980年代,55
公衆衛生法令,289
日本の山,335
ウクライナ海軍艦艇,73
ヨーロッパ料理,38
摂南大学の人物,9
合成地名,47
アジア料理,25
ノーベル賞受賞者,330
プロ野球の元解説者,112
宮城県保育所,49
日本の理数系高等学校,259
兵庫医科大学の人物,2
ニンテンドーゲームキューブのゲームタイトル,264
神奈川大学の人物,38
大阪市の土地区画整理事業,1
神奈川歯科大学の人物,2
三重県中学校の廃校,5
日本テレビ・スポーツ・情報局制作番組の分野別,97
オランダの島,3
Pythonを使っている製品あるいはソフトウェア,33
ノストラダムス関連人物,27
連鎖販売取引の企業,40
スター・ウォーズにおける戦い,47
解散した日本のバンド・グループ,583
プロスケートボーダー,10
キリスト教諸教派,58
スター・ウォーズのドロイド,11
日本のサービスエリア・パーキングエリア,281
ジヤトコのトランスミッション,10
4コマ漫画家,322
自動車技術者,91
愛知県の灯台,7
吉備国際大学の人物,9
かつて日蓮正宗に属していた寺院,47
ロシアのサッカー選手,35
セルゲイ・ラフマニノフの作品,17
愛媛県中学校の廃校,5
宮崎県中学校の廃校,2
ブラジル人,266
大分県小学校の廃校,1
発熱と発疹を起こす病気,7
放送大学の人物,41
筑波大学附属駒場中学校・高等学校の人物,214
下関市立大学の人物,7
日本大学の人物,953
中国帝王,350
青森県中学校,179
千葉県小学校,852
コモロの都市,3
中国のテレビドラマ,387
久留米大学の人物,13
佐賀県出身の人物,290
平安時代の人物,107
マラウイの鉄道駅,12
石川県小学校の廃校,1
スペイン君主,94
古代オリエントの用語,247
イリノイ州出身の人物,247
プレイステーション2のゲームタイトル(2003年),219
地名変更,2
龍谷大学の人物,120
散弾銃,1
オートレースの競走,24
大日本帝国海軍艦艇,303
兄弟芸能人,33
宮崎県高等学校の廃校,3
ザ・ホワイトハウス登場人物,1
アメリカ陸軍の階級,8
スワジランドの国王,8
産婦人科で用いる薬品,11
カーボベルデの銀行,6
国造,134
大手前大学の人物,11
ニジェールの都市,15
日本の企業(医薬品),185
ユダヤ史関連人物,10
観測ロケット,114
愛知県保育所,1
企業倫理哲学・政治経済,29
朝鮮人民軍の兵器,98
日本の路面電車,84
仙台市の高層ビル,4
人類学者,7
インディアナ州の郡,92
スーパー戦隊シリーズのパロディ,76
剣豪人物,380
プログラミング言語,229
ヨルダンの都市,14
日本の漫画家,3152
軍需企業,161
北見工業大学の人物,4
イスラエル海軍艦艇,6
北海道出身の人物,1246
名所図会,9
佛教大学の人物,55
日本人ドライバー,348
サイバー大学の人物,6
札幌医科大学の人物,12
毎日放送テレビ制作スタッフ,27
生年別推理作家_1950年代,105
日本の観光地,246
FNN夕方ローカルニュース,1
北海道大学の人物,311
大阪府高等学校の廃校,15
マレーシアの都市,50
沖縄県中学校,161
日本のテロ事件,2
官僚出身の帝国議会議員,256
常葉学園大学の人物,1
兵庫県中学校,393
クラシック音楽の室内楽団,87
ドイツ人,371
東京女子医科大学の人物,9
NBC支局,175
山梨県中学校,99
鉄道運営組織,259
犬の品種,7
障害,16
三重県外国人学校,2
南アフリカ海軍艦艇,2
ベートーヴェンの楽曲,5
中南米出身者,156
日本の浄水場,26
2ちゃんねるの板,719
水泳選手,341
東京医科大学の人物,19
アダルトビデオメーカー,232
広島大学の人物,173
関東地方の道路,131
装軌装甲車,44
アラブ首長国連邦の都市,9
ジャニーズJr.,271
韓国のスポーツチーム,7
天竜川の支流,5
映画スタッフ,100
福島県特別支援学校,16
山形県幼稚園,1
九州地方の道路,121
日本の商店街,272
フェラーラとモデナの君主,28
世界遺産(アフリカ),111
元号(ベトナム),1
北海道中学校の廃校,1
イタリアのバレーボール選手,68
日本テレビ・報道局制作番組の分野別,29
大阪大学の人物,199
福島県指定文化財,1
栃木県幼稚園,1
年代別アニメソング(エンディング曲),1
日本のプロ野球選手,1145
ラジオ局ローカルニュースタイトル,60
チェサピーク・アンド・オハイオ鉄道の機関車,4
日本の総合学科設置高等学校,310
長崎県高等学校の廃校,5
オーストラリアの都市,80
戦国時代の人物(日本),1800
日本の野球場,700
時代小説・歴史小説作家,569
廃止・失効した教育法令,36
日本の農業および漁業における発祥地,19
大阪府出身の人物,1513
鹿児島県の県道,1
熊本県高等学校の廃校,6
京都外国語大学の人物,14
スペインのサッカー選手,223
吹奏楽団,39
日本の男女別学校,605
広島大学附属中学校・高等学校の人物,220
大韓民国海軍艦艇,22
千葉県の事件,25
インドネシアの都市,80
タイの人物,45
東北福祉大学の人物,31
学習塾・予備校,209
企業による犯罪事件,24
政府の文書によってカルトと分類された団体,44
東北学院大学の人物,55
青森県小学校の廃校,7
チャドの都市,17
条約,187
イタリアの企業,113
新潟県出身の人物,690
フィギュアスケート選手,994
親子上場っている企業,228
ベリーズの都市,7
新潟県の県道,1
茨城県高等学校の廃校,8
ビデオメーカー,16
除草剤,4
スイスの企業,1
東京理科大学の人物,164
猫の品種,56
室蘭工業大学の人物,7
ゲームボーイアドバンスのゲームタイトル,744
人間の関節,10
白百合女子大学の人物,23
郡山女子大学の人物,3
愛媛県幼稚園,12
筑波大学附属中学校・高等学校の人物,409
ピン芸人,628
生年別日本の漫画家_1970年代,172
ドラマー,604
プレイステーション2のゲームタイトル,135
ヤナーチェクの楽曲,6
イギリスの野鳥,1
チェスプレーヤー,63
日本の特別名勝,9
星薬科大学の人物,3
女子ボクサー,134
世界のコンベンションセンター,30
カイロプラクティック教育機関,11
名古屋市の土地区画整理事業,6
聖書に登場する地名,201
物理学者,253
仏教用語,7
兵庫教育大学の人物,13
長野県高等学校の廃校,8
嘉悦大学の人物,4
ノルウェー海軍艦艇,13
戦争,211
漫画作品,48
台湾の人物,161
カメルーンの都市,22
野球の大会,13
大学間単位互換協定,11
法華宗各派,42
キングレコード在籍アーティスト,163
ギリシア神話の固有名詞,101
テーブルトークRPGのタイトル,189
東ローマ帝国の皇帝,88
滋賀県出身の人物,255
京都府中学校の廃校,1
マスコットキャラクター,92
アーカンソー州の郡,75
中世西洋音楽の作曲家,4
ラグビー選手,217
岐阜聖徳学園大学の人物,3
自動車用語,105
日本の企業(建設),389
日本の郷土史家,92
歌人,296
東京ヤクルトスワローズ主催試合の地方球場,27
国外駐留ロシア連邦軍部隊,2
ラトビア人,28
実業家,472
ニューナンブM60に関連する作品,23
西九州大学の人物,5
PG指定の映画(米国),15
エジプト海軍艦艇,6
R-15指定の映画,402
航空機(0-A),940
玉川大学の人物,93
西日本旅客鉄道の乗務員区所,51
島根県特別支援学校,12
実践女子大学の人物,15
柔道家,223
岐阜県幼稚園,2
イギリス海軍モニター,9
日本の企業(繊維製品),118
香川大学の人物,20
GNOMEアプリケーション,126
カタカナ略語,318
鳥取県出身の人物,425
NHK_FM番組,72
名古屋大学の人物,313
プレイステーションのゲームタイトル(1998年前半),255
日本の財団法人,393
A-10に関連する作品,20
地理学者,98
東京都市大学の人物,48
群馬県特別支援学校,20
復帰前の沖縄の企業,27
宮城県仙台第二高等学校人物,40
静岡大学の人物,107
アメリカ合衆国の在外公館,1
S＆W_M10に関連する作品,27
空手道会派・団体,54
イタリア陸軍の装備品,55
東京医科歯科大学の人物,9
愛知県立芸術大学の人物,24
千葉大学の人物,79
神社,458
企業城下町,19
日本アート・シアター・ギルド公開作品,174
メイン州の郡,16
爆撃機,103
著名なベジタリアン,3
東京国立博物館所蔵文化財,1
売春を扱った作品,59
モザンビークの都市,35
愛媛県小学校,342
國學院大學の人物,272
ガンダムシリーズの登場機動兵器,36
文庫本,90
ペンシルベニア大学の人物,121
ポピュラー音楽の音楽家(個人),1263
ボツワナの銀行,9
通信用語,300
福岡経済大学の人物,21
カリフォルニア州の郡,58
ポーランドのバレーボール選手,37
AV監督,162
ガンダムシリーズ,61
日本の企業(金属製品),105
銀行,158
マジカルドロップの登場キャラクター,11
アルバニアの銀行,1
野菜,123
徳島県小学校の廃校,13
作曲家,299
大阪市の学校,161
北海道高等学校の廃校,32
東京都の軍事遺跡,34
日本のテレビ番組における主な司会者,235
ギニアの都市,35
日本工学院北海道専門学校の人物,1
アニメ・漫画・ゲームの演劇化作品,79
兵庫県の図書館,43
クウェート海軍艦艇,1
現役中に亡くなったNFL選手,1
パロディ,71
日本の高等専門学校,58
ワンダースワンのゲームタイトル,103
千葉県立千葉中学校・高等学校の人物,51
亜細亜大学の人物,92
先物取引所,36
カール・フリードリヒ・ガウスにちなんで名づけられたもの,31
日本の企業(サービス),452
バスケットボール選手,192
日本の短期大学,400
マリオシリーズのアイテム,4
東京慈恵会医科大学の人物,13
千葉県保育所,6
音楽のジャンル,352
熊本県中学校の廃校,12
二松學舍大学の人物,110
新潟県中学校,248
豊橋技術科学大学の人物,7
テネシー州出身の人物,70
中国の出版社,108
宇宙英雄ペリー・ローダンの登場天体,6
アメリカ海軍駆逐艦,783
トーゴの大統領,6
佐賀県中学校,103
京都市立芸術大学の人物,157
日本の合成地名,54
日本の企業(石油・石炭製品),37
マケドニア共和国の政党,10
アジア・オセアニア出身のメジャーリーグベースボール選手,10
ホンジュラスの都市,27
自動車の車種名,1107
テキサス州の郡,254
日本のテレビドラマ,1343
ボボボーボ・ボーボボの登場人物,5
横浜市出身の人物,9
チーズ,102
暗号研究者,31
モーツァルトの楽曲,10
大阪外国語大学の人物,36
ヌーベルバーグ技術協力番組,40
バージニア州の郡,134
ネコを主題とする作品,91
日本の銀行,204
いわき明星大学の人物,3
東京アパッチの選手,2
将校志望を断念した日本の人物,30
ヒトの神経の名称,21
日本の林道,75
滋賀県外国人学校,5
岡山県出身の人物,702
東京都中学校の廃校,7
小樽商科大学の人物,31
読売ジャイアンツ事件,6
延岡市の道路,113
セネガルの都市,33
ジャパニーズ・メタルアーティスト,112
格闘技,70
日本の企業(電気機器),7
生年別日本の漫画家_1920_-_1930年代,61
女子キックボクサー,62
教育関係人物,540
大日本帝国の戦争犯罪,14
大阪府立大学の人物,26
コンゴ共和国の都市,11
マケドニア王,42
シンガポール海軍艦艇,2
朝鮮民主主義人民共和国の政党,1
三重県小学校の廃校,12
台湾の大学,171
徳島県小学校,213
日本の専修学校,266
高知県幼稚園,2
モーゼルC96に関連する作品,40
国鉄・JR線路名称,1
ベーメン・メーレン保護領の統治者,8
清泉女子大学の人物,13
愛知学院大学の人物,44
日本の芸術高等学校,111
生年別推理作家_1960年代,133
イタリアの鉄道車両,162
日本の漫画作品(読切),85
廃止された日本の短期大学,364
カメルーンの大学,8
ガンダムシリーズの登場人物,204
神奈川県の寺院,52
旅客機,198
ドリームキャストのゲームタイトル,478
国際基督教大学の人物,202
フランスの小説家,69
大分県特別支援学校,13
日本の建設コンサルタント,88
信州大学の人物,41
海上自衛隊の陸上施設,37
近畿大学の人物,190
滋賀県幼稚園,4
アメリカ合衆国の鉄道運営組織,357
イラクの銀行,26
日本の女子サッカー選手,141
石川県特別支援学校,11
神戸女子大学の人物,19
トルコの銀行,21
モンベリアル伯,8
山形県特別支援学校,13
静岡県外国人学校,2
テレビドラマ,87
ABCテレビ送信所・中継局,1
中央競馬テレビ・ラジオ中継,16
日本酒メーカー,279
熊本県出身の人物,1452
イタリア君主,25
TBSテレビ制作番組,49
静岡県特別支援学校,22
国会議員,371
NWA王座,10
90式戦車に関係する作品,2
航空機(T-Z),385
日本の企業(精密機器),66
動物園,251
チェロ協奏曲,35
職業能力開発校,24
都市計画家,138
教育訓練施設,9
沖縄県高等学校の廃校,6
美術家,507
航空機(R-S),860
静岡県中学校の廃校,1
セガサターンのゲームタイトル,758
タイの王室仏教寺院,40
フランスのバスケットボール選手,18
ミャンマーの都市,42
北海学園大学の人物,111
日本の劇団,241
ジャンヌ・ダルクの異名を持つ人物,8
北海道を舞台にした作品,116
生薬製剤,2
関脇,116
朝鮮民主主義人民共和国の新聞,5
松竹ロビンスの選手,112
プレイステーション・ポータブルのゲームタイトル,852
暗殺された人物,210
日本テレビ制作スタッフ,96
日本のOVA作品,645
パチスロ4号機,1039
ボキャブラ天国シリーズに登場したキャブラー,127
和歌山県出身の人物,512
日本の公立中高一貫校,105
ポルトガル海軍艦艇,14
冬季オリンピックの競技,12
オートレース選手,259
沖縄県小学校,267
同志社女子大学の人物,37
中央大学の人物,1397
ハッスルに登場する人物,158
熊本県立熊本高等学校人物,105
東京工科大学の人物,61
テレビ関連のマスコットキャラクター,228
地対空ミサイル,23
北九州市立大学の人物,27
中国の古典の時代別,207
京都府保育所,1
中部の史跡,3
北京の報道メディア,19
高野山大学の人物,21
九州産業大学の人物,73
日蓮正宗寺院,518
千葉県立佐倉高等学校の人物,105
日本のテレビドラマ(1990年代),537
山形県の灯台,8
木星を扱った作品,17
映画監督,367
交通に関する日本初,36
高知県小学校,226
音楽専門チャンネル,18
日本の外資系合弁企業,47
ドイツ海軍艦艇,80
クラシック音楽のレコードレーベル,89
岐阜大学の人物,18
生年別推理作家_1920年代,65
日本の宗教家,172
日本の体育高等学校,96
アーケードゲームのタイトル(セガ),562
中国地方の道路,80
大東文化大学の人物,95
S＆W_M39に関連する作品,18
社会運動家,32
超高層建築物用語,56
横浜市立大学の人物,34
チャドの大統領,6
日本における収監中の死刑囚,3
新宿区立の学校,40
相模原市出身の人物,50
福岡大学の人物,139
ヒトのリンパの名称,76
中国史の人物,543
日本の乗合タクシー運行事業者,67
日本歯科大学の人物,7
ギター関連用語,190
映画作品,786
東日本の大学,459
琉球国王,40
1960年代にデビューしたプロレスラー,12
日産自動車の車種,173
ユニセフ親善大使,146
脚本家,509
ホンダのエンジン型式,4
思想家,595
山口県出身の人物,535
チュニジアの都市,31
日本の神,326
アイオワ州の郡,99
埼玉県中学校,446
リトアニア語による日本の地名,7
日本のウェブコミック配信サイト,29
石田三成を演じた俳優,21
航空事故(1959年以前),34
ベトナム帝王,58
消滅危機言語,24
1970年代にデビューしたプロレスラー,28
神奈川県幼稚園,12
アーセナルFCの選手,2
沖縄県知事,3
東京都のプロテスタント教会,8
ポルトガル君主,29
楯状地とクラトン,30
千葉県の川,10
コスタリカの都市,13
大分県のケーブルテレビ局,17
古生物学関連人物,77
福岡県幼稚園,277
東京電機大学の人物,51
福井県出身の人物,327
日本の看護高等学校,103
日本の企業(証券・商品先物取引),206
宮城県特別支援学校,20
ペンシルベニア州の郡,67
JNN夕方ローカルニュース,41
ヘッセンの統治者,37
徳川家康を演じた俳優,56
山形県指定文化財,2
CEROレーティング18才以上対象ソフト,3
アメリカ合衆国の企業,56
国際博覧会,79
日本のサッカー選手,362
フランスの詩人,116
広島県幼稚園,301
架空の言語,128
ケンタッキー州の郡,120
岡山県中学校,173
会社更生法を適用した企業,73
エリトリアの大学,9
東北地方の住宅団地,13
国際医療福祉大学の人物,4
計量単位,152
オーストラリアの企業,24
ジュニアアイドル,142
高松ファイブアローズの選手,4
岐阜県高等学校の廃校,12
女子サッカー選手,183
日本の企業(化学),244
マレーシアの銀行,17
東洋英和女学院大学の人物,14
イギリスの企業,75
日本の企業(小売業),76
岩手県幼稚園,2
競馬の競走,645
日本の列車愛称,966
日本の商業高等学校,761
イラクの都市,26
アルザス・ロレーヌ出身者,73
モロッコの都市,43
戦闘,283
関西テレビ制作スタッフ,8
津田塾大学の人物,65
バンプレストオリジナルの機動兵器,13
メキシコの関連する戦争,7
映画評論家,106
大相撲の決まり手,77
グルジアの都市,26
海上自衛隊の群,11
愛知県小学校の廃校,1
日本の企業(陸運),152
北ヨーロッパ諸国のサッカー選手,33
フロリダ州出身の人物,112
比喩としての「神様」「神」,87
赤道ギニアの政党,10
カンザス州の郡,105
ビオトープ,8
資源メジャー,22
東京大学の人物,2598
消滅した全国高等学校野球選手権地方大会,41
東北地方のご当地ソング,45
イギリスの銀行,12
世界四大,1
山口大学の人物,172
地方住宅供給公社,55
金沢美術工芸大学の人物,48
京都教育大学の人物,22
山梨学院大学の人物,13
日本の信用金庫,272
大阪体育大学の人物,73
生年別日本の漫画家_1940年代,64
日本の農道,322
ヨーロッパ出身のメジャーリーグベースボール選手,18
静岡県小学校,523
旧制中等教育学校(新潟県),7
大日本帝国海軍軍人,324
福岡工業大学の人物,17
長良川に架かる橋,114
プロ修斗選手,199
スウェーデン系フィンランド人,1
資格取得対策スクール,23
学習院女子大学の人物,34
殺虫剤,33
北海道工業大学の人物,27
賃貸マンションブランド名(企業別),18
アルゼンチンの都市,31
サッカー実況アナウンサー,213
地域自治区,48
東京都幼稚園の廃園,1
生年別推理作家_1980年代,16
神奈川県出身の人物,1395
東京造形大学の人物,49
朝鮮人民軍海軍艦艇,10
ビーインググループ,18
大奥に関する作品,8
北海道乳業協会の会員,23
小倉百人一首の歌人,103
オマーンの都市,17
漢字略語,30
推理作家,415
日本の用水路,60
テレビ朝日番組,484
佐賀県特別支援学校,9
名古屋工業大学の人物,24
日本の短期大学校,6
作品がテレビドラマ化されたことがある漫画家,208
広島県小学校,546
ポーランド海軍艦艇,13
ライオン製品,24
電卓,150
宮崎県の川,6
農業用トラクタメーカー,38
鹿児島県特別支援学校,16
日本の小説家,1043
大韓民国の銀行,21
賞,157
インドの都市,397
オランダ人のスポーツ選手,50
シリアの都市,33
学問,419
NFL100タッチダウンパサー,113
関西外国語大学の人物,59
創価大学の人物,54
デジタル放送,23
引揚者,110
ドイツのサッカー選手,171
作品がビデオアニメ化されたことがある漫画家,129
ポルトガルのサッカー選手,37
鉄道車両の製造メーカー,114
ミシシッピ州の郡,82
鳥取県中学校,63
奈良県高等学校の廃校,7
水産大学校の人物,1
F-4に関連する作品,9
旭川大学の人物,8
香川県幼稚園,75
日本の農業協同組合,728
KBS京都番組,175
ガンダムシリーズの登場艦船及びその他の兵器,93
作詞家,369
ネオジオポケットのゲームタイトル,76
水道メーカー,54
日本の断層,345
ペルー人,52
ライトノベル系レーベル,91
ベネズエラの都市,40
アルバニア人,16
徳島県保育所,2
中国人民解放軍陸軍の師団等,42
アメリカ合衆国の小説家,282
日本のバラエティ番組,143
NINTENDO64のゲームタイトル,160
イタリア海軍艦艇,28
ABCラジオ番組,145
日本の大学,783
ノルウェー君主,52
タンザニアの都市,62
読売ジャイアンツ主催試合の地方球場,57
西洋占星術の用語,13
スペイン人,158
東京都立富士高等学校の人物,68
能の現行演目,2
岐阜県中学校,199
十四年式拳銃に関連する作品,18
トルクメニスタンの銀行,9
ベトナムの都市,43
海軍兵学校卒業生(日本),2
トルコ海軍艦艇,20
日本の福祉高等学校,161
東邦大学の人物,7
福岡県立修猷館高等学校の人物,354
80条バス運行事業者,406
女子総合格闘家,121
小説家,266
SNKの対戦型格闘ゲーム,20
アメリカ国家科学賞受賞者,60
シュートボクシング選手,20
野球組織,28
藩,534
オランダの大学,18
ベネズエラ海軍艦艇,2
パラグアイの都市,24
兵器,41
日本の鉄道事業者,132
女子美術大学の人物,81
F/A-18に関連する作品,1
クラシック音楽の曲名,1634
ガボンの銀行,11
ブラジルのバレーボール選手,41
日本の人形劇団,2
絶滅した動物,764
CBS支局,186
ロシア陸軍の師団・旅団等,26
日本の運河,74
静岡県高等学校の廃校,11
カナダの都市,51
宮崎県出身の人物,468
プレイメイト・オブ・ザ・イヤー,50
内陸国,43
ニューハンプシャー州の郡,10
ブラジリアン柔術選手,133
京都府幼稚園,4
レバノンの都市,14
医療機器メーカー,82
衆議院選挙区(1947-1993),12
沖縄県の灯台,45
京都府指定・登録文化財,1
奈良時代の人物,116
大阪府のご当地ソング,21
福島県の灯台,4
夏季オリンピックの競技,18
ギリシャ人,98
Xbox_Live_Arcadeのゲームタイトル,86
日本の企業(非鉄金属),44
平成国際大学の人物,16
京都女子大学の人物,14
藤女子大学の人物,23
携帯電話アプリゲームのタイトル,48
オランダ海軍艦艇,27
ダイハツ・エンジン,30
年代別アニメソング(オープニング曲),4
奈良県指定文化財,1
過去の鉄道に関する日本一,1
滋賀大学の人物,61
お菓子系雑誌,16
関東学院大学の人物,68
純潔運動団体,17
パリ国立高等音楽・舞踊学校の人物,130
プレイステーション3のゲームタイトル,318
北海道の文化財,11
日本のイラストレーター,581
